Year,Day,Hour,Minute,points_in_IMF_avgs,Percent_interp.,CP/MV_Flag,Timeshift_sec,Phase_frnt_nrml_X,Phase_frnt_nrml_Y,Phase_frnt_nrml_Z,ScalarB_nT,Bx_nT_GSE_GSM,By_nT_GSE,Bz_nT_GSE,By_nT_GSM,Bz_nT_GSM,RMS_timeshift_sec,RMS_phase_front_normal,RMS_ScalarB_nT,RMS_Field vector_nT,points_in_plasma_avgs,Flow_speed_kms,Vx_Velocity_kms_GSE,Vy_Velocity_kms_GSE,Vz_Velocity_kms_GSE,Proton_Density_ncc,Temperature_K,X_sc_GSE_Re,Y_sc_GSE_Re,Z_sc_GSE_Re,X_target_GSE_Re,Y_target_GSE_Re,Z_target_GSE_Re,RMS_target_Re,DBOT1_sec,DBOT2_sec,Bz_Present,Datetime,Vx_Present,Proton_Density_Present,Abs_Vx_Velocity_kms_GSE,Month
2016,157,15,20,5,0,0.5,3203,0.7,0.53,-0.47,17.62,5.6,-12.71,-7.31,-12.45,-7.76,16,0.03,1.11,7.3,5,457.2,-457.0,-6.2,-0.2,13.77,213835.0,226.09,22.7,12.69,10.58,-0.57,0.06,0.21,47,47,1,2016-06-05 15:20:00,1,1,457.0,6
2016,157,15,45,5,53,0.8,3344,0.59,0.6,-0.5,13.22,4.84,-5.26,-4.34,-5.01,-4.63,288,0.18,0.94,9.41,5,483.1,-482.7,13.4,-6.6,14.06,291130.0,226.1,22.72,12.68,10.64,-0.98,0.18,0.15,160,160,1,2016-06-05 15:45:00,1,1,482.7,6
2016,157,15,50,5,16,0.9,3286,0.58,0.55,-0.57,12.17,0.43,-7.83,-6.71,-7.42,-7.17,169,0.07,0.1,2.66,5,501.5,-500.8,18.8,-15.9,13.35,289832.0,226.1,22.73,12.67,10.3,-0.99,0.3,0.32,-28,-127,1,2016-06-05 15:50:00,1,1,500.8,6
2016,157,15,55,5,34,0.8,3393,0.5,0.53,-0.66,12.02,3.29,-7.87,-3.97,-7.61,-4.47,172,0.09,0.37,4.48,5,496.0,-495.2,23.3,-12.6,13.98,301958.0,226.1,22.73,12.67,10.59,-1.14,0.25,0.51,116,-10,1,2016-06-05 15:55:00,1,1,495.2,6
2016,157,16,10,5,0,0.9,3067,0.55,0.45,-0.7,13.05,3.02,-9.88,-4.99,-9.47,-5.73,14,0.01,0.41,4.81,5,494.4,-493.8,24.2,-3.7,13.74,297976.0,226.1,22.75,12.66,10.51,-1.15,0.08,0.21,64,64,1,2016-06-05 16:10:00,1,1,493.8,6
2016,157,16,15,5,0,0.9,3040,0.61,0.43,-0.66,11.74,2.08,-9.87,-2.81,-9.61,-3.6,13,0.03,0.56,4.54,5,490.5,-489.9,25.1,-0.7,14.47,324774.0,226.1,22.76,12.65,10.77,-1.19,-0.0,0.17,64,64,1,2016-06-05 16:15:00,1,1,489.9,6
2016,157,16,20,5,50,1.0,3125,0.61,0.47,-0.62,11.49,7.0,-8.93,-0.95,-8.81,-1.7,34,0.05,0.22,0.92,5,481.3,-480.7,23.9,2.2,15.13,373325.0,226.11,22.76,12.65,11.03,-1.23,-0.04,0.08,35,35,1,2016-06-05 16:20:00,1,1,480.7,6
2016,166,18,35,5,0,1.0,2309,0.78,-0.52,0.35,8.65,5.58,3.07,-4.32,3.61,-3.88,26,0.06,0.41,3.44,5,532.7,-531.7,-30.8,-7.1,13.32,119397.0,227.72,33.69,6.52,10.28,-0.04,0.11,0.15,93,93,1,2016-06-14 18:35:00,1,1,531.7,6
2016,166,18,40,5,0,0.5,2298,0.74,-0.57,0.36,9.69,2.92,-1.76,-9.01,-0.52,-9.16,24,0.04,0.11,0.6,5,521.4,-521.1,-13.5,7.1,13.33,92972.0,227.72,33.69,6.52,9.75,-0.3,-0.14,0.02,45,45,1,2016-06-14 18:40:00,1,1,521.1,6
2016,166,18,45,5,0,0.9,2398,0.8,-0.45,0.4,9.85,1.42,-2.86,-9.22,-1.55,-9.53,39,0.06,0.08,1.09,5,519.9,-519.7,-13.8,6.9,13.72,93076.0,227.72,33.69,6.52,9.69,-0.3,-0.13,0.02,36,36,1,2016-06-14 18:45:00,1,1,519.7,6
2016,166,18,50,4,0,0.8,2559,0.92,-0.2,0.32,9.85,1.5,-4.52,-8.52,-3.26,-9.08,46,0.09,0.35,0.77,5,517.7,-517.5,-7.0,10.6,14.22,97827.0,227.72,33.7,6.51,9.75,-0.44,-0.2,0.03,45,45,1,2016-06-14 18:50:00,1,1,517.5,6
2016,166,18,55,5,0,0.8,2584,0.94,-0.14,0.28,10.78,1.55,-6.4,-8.34,-5.12,-9.18,21,0.05,0.29,1.47,5,518.0,-517.8,-1.8,8.9,13.88,102966.0,227.72,33.7,6.51,9.83,-0.5,-0.17,0.09,64,64,1,2016-06-14 18:55:00,1,1,517.8,6
2016,166,19,0,5,0,0.9,2577,0.95,-0.12,0.3,12.05,3.69,-3.82,-10.61,-2.2,-11.06,20,0.02,0.24,1.81,5,524.0,-523.7,-15.6,8.9,13.14,106834.0,227.72,33.7,6.51,9.6,-0.23,-0.17,0.04,50,50,1,2016-06-14 19:00:00,1,1,523.7,6
2016,166,19,5,5,0,1.0,2615,0.96,-0.04,0.28,12.32,3.77,-0.34,-11.55,1.43,-11.46,9,0.03,0.12,1.71,5,525.2,-524.4,-26.6,12.5,13.74,117724.0,227.72,33.71,6.5,9.41,-0.05,-0.22,0.03,56,56,1,2016-06-14 19:05:00,1,1,524.4,6
2016,166,19,10,5,0,1.0,2544,0.94,-0.19,0.25,12.91,3.31,1.91,-12.21,3.79,-11.77,75,0.15,0.19,1.05,5,525.8,-525.0,-25.4,13.3,13.13,121374.0,227.72,33.71,6.5,9.39,-0.06,-0.23,0.05,92,92,1,2016-06-14 19:10:00,1,1,525.0,6
2016,166,19,15,5,0,0.9,2426,0.89,-0.43,0.17,13.01,4.06,3.32,-11.71,5.14,-11.03,6,0.01,1.07,1.93,5,526.1,-525.0,-33.1,7.5,13.52,126711.0,227.73,33.71,6.5,9.45,0.06,-0.13,0.09,69,69,1,2016-06-14 19:15:00,1,1,525.0,6
2016,166,19,40,4,0,0.2,2662,0.92,0.03,0.38,14.2,2.99,11.9,-6.98,12.93,-4.8,53,0.13,0.2,1.39,5,525.4,-524.1,-35.9,8.8,13.07,119893.0,227.73,33.73,6.48,10.16,0.13,-0.18,0.04,55,55,1,2016-06-14 19:40:00,1,1,524.1,6
2016,166,19,45,5,0,0.4,2795,0.77,0.21,0.59,12.69,2.61,10.55,-6.52,11.54,-4.55,25,0.06,0.59,0.75,5,531.4,-529.8,-37.7,15.1,14.68,126301.0,227.73,33.73,6.48,9.92,0.14,-0.31,0.06,45,45,1,2016-06-14 19:45:00,1,1,529.8,6
2016,189,16,5,5,0,0.8,3827,0.52,0.51,-0.06,10.03,-4.4,2.82,-3.63,2.2,-4.03,589,0.25,0.45,3.27,5,462.1,-460.9,9.2,25.6,13.43,232933.0,237.88,42.02,-16.49,10.75,-0.95,-0.56,0.79,423,287,1,2016-07-07 16:05:00,1,1,460.9,7
2016,202,2,10,5,0,0.6,3349,0.95,0.31,0.0,27.68,12.44,-22.51,-4.81,-22.84,-2.85,48,0.06,0.3,8.45,4,460.2,-459.0,-19.5,25.5,19.31,455042.0,241.82,35.63,-24.55,11.05,-0.31,-0.61,0.04,41,41,1,2016-07-20 02:10:00,1,1,459.0,7
2016,202,2,15,5,52,0.4,3356,0.95,0.25,0.01,20.39,5.11,-15.29,-8.8,-16.01,-7.42,37,0.08,4.71,9.28,5,459.0,-456.8,-5.8,40.5,25.17,507453.0,241.82,35.63,-24.55,9.63,-0.56,-0.88,0.52,84,84,1,2016-07-20 02:15:00,1,1,456.8,7
2016,202,2,20,5,46,1.0,3177,1.0,0.03,-0.01,13.61,-0.03,-8.42,-6.99,-9.02,-6.19,52,0.08,2.99,7.89,5,461.6,-459.3,-5.1,44.8,25.25,648989.0,241.82,35.62,-24.55,9.73,-0.48,-1.0,0.24,93,93,1,2016-07-20 02:20:00,1,1,459.3,7
2016,202,2,25,5,0,0.5,3161,0.94,0.03,-0.31,11.8,-1.88,-7.92,-5.19,-8.37,-4.42,33,0.06,2.3,4.63,5,465.3,-462.9,-5.4,47.0,25.26,709268.0,241.82,35.62,-24.55,9.93,-0.53,-1.0,0.25,45,45,1,2016-07-20 02:25:00,1,1,462.9,7
2016,202,2,30,5,0,0.7,3232,0.9,0.12,-0.42,18.68,-3.13,-13.16,-10.78,-14.15,-9.44,23,0.03,1.29,5.85,5,463.2,-460.1,-4.2,52.2,23.6,700538.0,241.82,35.61,-24.55,9.51,-0.55,-1.08,0.24,50,50,1,2016-07-20 02:30:00,1,1,460.1,7
2016,202,2,45,5,0,0.9,3268,0.92,0.36,-0.14,23.88,8.32,-21.68,-4.68,-22.06,-2.33,21,0.02,0.51,2.13,5,488.3,-485.4,4.2,52.7,20.34,631829.0,241.83,35.6,-24.56,10.45,-0.78,-1.09,0.15,51,51,1,2016-07-20 02:45:00,1,1,485.4,7
2016,202,2,50,5,0,0.7,3298,0.92,0.37,-0.14,23.72,5.52,-18.6,-12.88,-19.91,-10.75,14,0.02,0.11,3.32,5,489.3,-487.1,15.8,43.2,20.12,664672.0,241.83,35.6,-24.56,9.38,-0.91,-0.81,0.21,61,61,1,2016-07-20 02:50:00,1,1,487.1,7
2016,202,2,55,5,26,0.8,3297,0.89,0.39,-0.2,24.68,6.21,-20.45,-12.18,-21.7,-9.77,12,0.03,0.14,0.92,5,486.8,-484.0,4.3,51.7,18.97,611829.0,241.83,35.6,-24.56,9.63,-0.66,-1.06,0.15,59,59,1,2016-07-20 02:55:00,1,1,484.0,7
2016,202,3,0,5,73,0.0,3342,0.83,0.45,-0.3,24.92,7.48,-21.36,-9.83,-22.37,-7.26,30,0.07,0.31,2.89,5,484.0,-480.0,-2.9,61.9,17.62,599299.0,241.83,35.6,-24.56,10.12,-0.56,-1.33,0.12,46,46,1,2016-07-20 03:00:00,1,1,480.0,7
2016,202,3,10,5,90,0.0,3430,0.74,0.57,-0.28,23.15,10.05,-18.47,-8.59,-19.39,-6.24,55,0.09,1.0,4.22,5,496.4,-494.1,-4.6,46.2,18.24,665067.0,241.84,35.59,-24.56,10.07,-0.53,-0.92,0.08,23,23,1,2016-07-20 03:10:00,1,1,494.1,7
2016,202,3,15,5,90,0.2,3288,0.74,0.37,-0.06,24.41,8.51,-19.4,-11.39,-20.69,-8.83,112,0.15,0.14,2.3,5,501.7,-499.3,-2.4,48.3,16.57,641412.0,241.84,35.59,-24.57,9.88,-0.53,-0.96,0.4,90,49,1,2016-07-20 03:15:00,1,1,499.3,7
2016,202,3,20,5,100,9.9,3012,0.8,0.16,0.47,24.15,8.04,-21.29,-7.06,-22.03,-4.22,37,0.06,1.28,2.83,5,500.6,-498.1,-9.6,49.1,14.96,616236.0,241.84,35.58,-24.57,10.75,-0.42,-1.07,0.19,142,139,1,2016-07-20 03:20:00,1,1,498.1,7
2016,202,3,25,5,100,9.9,2923,0.68,0.1,0.63,25.05,7.46,-22.72,-6.51,-23.39,-3.41,53,0.07,0.17,2.21,5,500.7,-498.8,-12.1,42.3,13.38,598958.0,241.84,35.58,-24.57,11.1,-0.42,-0.91,0.23,81,81,1,2016-07-20 03:25:00,1,1,498.8,7
2016,202,3,30,5,100,9.9,2831,0.55,0.04,0.78,24.29,10.46,-20.57,-6.91,-21.33,-4.02,16,0.05,0.18,2.11,5,497.9,-496.4,-5.4,37.2,14.74,571926.0,241.84,35.57,-24.57,10.74,-0.53,-0.82,0.13,68,68,1,2016-07-20 03:30:00,1,1,496.4,7
2016,202,3,35,5,96,0.0,2846,0.47,0.02,0.74,26.2,3.96,-24.88,-6.05,-25.48,-2.48,40,0.11,0.68,2.49,5,497.3,-495.4,6.0,42.0,13.4,523888.0,241.85,35.57,-24.58,11.28,-0.86,-0.95,0.07,39,39,1,2016-07-20 03:35:00,1,1,495.4,7
2016,202,3,40,5,100,9.9,3029,0.49,0.09,0.24,26.54,2.51,-25.65,-5.5,-26.18,-1.74,49,0.17,0.28,2.54,5,496.1,-494.2,10.3,41.9,13.29,491092.0,241.85,35.57,-24.58,11.34,-0.92,-0.98,0.04,22,22,1,2016-07-20 03:40:00,1,1,494.2,7
2016,210,19,55,5,0,0.9,3790,0.59,0.76,-0.27,10.33,2.95,-5.15,-8.34,-6.11,-7.66,13,0.01,0.23,0.89,5,465.2,-463.5,-30.0,17.0,13.08,157715.0,245.9,26.93,-28.01,10.32,-0.01,-0.27,0.1,48,48,1,2016-07-28 19:55:00,1,1,463.5,7
2016,237,0,5,5,0,0.9,3077,0.62,0.75,-0.25,14.48,10.06,-9.55,-3.82,-10.13,-1.82,7,0.01,0.83,1.53,5,524.5,-523.7,11.7,27.7,14.87,366357.0,248.14,-8.05,-23.11,10.36,-0.82,-0.55,0.09,53,53,1,2016-08-24 00:05:00,1,1,523.7,8
2016,237,0,25,5,0,0.6,3207,0.59,0.75,-0.29,12.63,6.74,-7.65,-6.93,-8.92,-5.19,14,0.02,0.1,2.3,5,514.3,-513.2,16.5,28.4,15.38,352808.0,248.14,-8.07,-23.1,9.93,-0.93,-0.5,0.09,54,54,1,2016-08-24 00:25:00,1,1,513.2,8
2016,237,0,30,5,0,0.8,3129,0.63,0.73,-0.25,12.99,4.47,-7.03,-9.55,-8.87,-7.88,40,0.07,0.19,1.8,5,525.4,-524.3,19.7,26.5,14.57,373018.0,248.14,-8.08,-23.1,9.66,-0.91,-0.52,0.14,85,85,1,2016-08-24 00:30:00,1,1,524.3,8
2016,237,0,35,5,0,0.9,3128,0.68,0.7,-0.19,13.24,6.15,-7.5,-8.18,-9.05,-6.43,34,0.06,0.26,3.1,5,516.9,-514.9,19.8,39.8,13.98,394933.0,248.14,-8.08,-23.09,9.97,-0.94,-0.81,0.12,53,51,1,2016-08-24 00:35:00,1,1,514.9,8
2016,237,1,5,5,46,0.5,3423,0.36,0.7,-0.61,13.48,2.86,-9.21,-9.24,-11.02,-6.97,19,0.02,0.19,0.83,5,539.1,-535.6,39.3,46.8,13.83,419567.0,248.14,-8.11,-23.09,9.68,-1.24,-0.84,0.12,37,34,1,2016-08-24 01:05:00,1,1,535.6,8
2016,237,1,15,5,0,1.0,3184,0.5,0.66,-0.55,12.52,7.36,-9.05,-3.94,-9.71,-1.79,54,0.02,0.28,1.57,5,538.5,-533.5,46.1,56.9,13.5,484886.0,248.14,-8.12,-23.08,10.33,-1.45,-1.11,0.12,110,101,1,2016-08-24 01:15:00,1,1,533.5,8
2016,264,0,0,5,31,0.8,2906,0.77,0.41,-0.25,10.0,1.0,-2.28,-9.03,-4.45,-8.18,14,0.35,1.24,2.73,5,496.2,-493.4,51.8,-4.7,20.07,455687.0,238.43,-37.95,-1.42,9.39,-1.56,0.07,0.14,65,65,1,2016-09-20 00:00:00,1,1,493.4,9
2016,264,0,5,5,23,0.6,2897,0.95,0.19,-0.06,14.49,0.48,-11.51,-8.58,-13.29,-5.44,19,0.21,1.48,2.18,5,495.3,-492.9,48.4,0.6,15.85,381641.0,238.42,-37.95,-1.42,9.9,-1.55,0.01,0.06,51,51,1,2016-09-20 00:05:00,1,1,492.9,9
2016,291,20,20,5,11,1.0,1953,0.9,0.1,0.42,4.26,1.73,-2.09,-3.09,-2.75,-2.52,15,0.07,0.01,0.81,5,726.1,-708.8,154.3,-30.2,0.75,151221.0,223.62,-35.95,21.18,14.27,-3.51,0.52,0.22,57,57,1,2016-10-17 20:20:00,1,1,708.8,10
2016,299,10,30,3,83,0.0,2880,0.47,0.16,0.29,8.83,-5.21,4.81,-0.2,4.07,-2.57,96,0.21,2.44,4.1,4,477.8,-475.8,-37.9,9.5,16.13,238436.0,221.83,-28.58,24.95,10.78,0.37,-0.18,0.19,86,20,1,2016-10-25 10:30:00,1,1,475.8,10
2016,300,1,50,3,22,0.0,1366,0.7,0.23,-0.65,6.16,-3.39,4.73,-1.82,4.18,-2.86,85,0.17,0.01,0.26,2,720.8,-710.0,-9.1,123.9,1.02,43979.0,221.7,-27.79,25.16,14.12,-0.47,-2.35,0.05,64,64,1,2016-10-26 01:50:00,1,1,710.0,10
2016,300,2,0,5,93,0.0,1660,0.77,0.62,-0.1,6.25,-3.69,4.19,-2.38,3.51,-3.3,8,0.04,0.07,1.14,5,719.9,-708.6,-1.7,126.2,0.96,35907.0,221.69,-27.78,25.17,14.34,-0.66,-2.63,0.26,52,52,1,2016-10-26 02:00:00,1,1,708.6,10
2016,343,0,50,5,0,0.7,3057,0.86,0.49,-0.14,5.14,-1.75,2.71,-3.48,2.91,-3.32,16,0.02,0.66,1.73,5,483.5,-483.4,2.4,4.9,16.42,162532.0,220.86,32.17,7.47,10.35,-0.69,-0.07,0.08,57,57,1,2016-12-08 00:50:00,1,1,483.4,12
2016,343,1,10,5,71,0.0,3141,0.78,0.34,0.43,7.42,-2.91,6.35,-2.09,6.45,-1.77,134,0.28,0.5,1.15,5,480.2,-480.0,-0.5,13.8,13.67,160946.0,220.86,32.18,7.46,10.9,-0.64,-0.33,0.05,123,123,1,2016-12-08 01:10:00,1,1,480.0,12
2016,343,1,50,5,0,0.8,2694,0.84,-0.07,-0.53,9.86,-0.73,9.22,-2.88,9.3,-2.61,20,0.04,0.84,1.84,5,466.8,-466.6,-12.3,7.1,14.78,148349.0,220.86,32.22,7.42,10.84,-0.42,-0.17,0.05,53,53,1,2016-12-08 01:50:00,1,1,466.6,12
2016,343,2,5,5,0,0.9,2785,0.92,0.08,-0.38,9.4,-2.03,8.42,-2.0,8.46,-1.83,11,0.04,1.43,2.73,5,473.4,-473.1,-13.5,2.2,15.61,137404.0,220.86,32.23,7.41,10.81,-0.33,-0.03,0.12,57,57,1,2016-12-08 02:05:00,1,1,473.1,12
2016,343,2,35,5,23,0.8,2753,0.8,0.07,-0.43,14.94,-3.97,13.16,-5.45,13.16,-5.45,83,0.17,0.33,1.58,5,471.6,-471.6,3.3,4.2,15.4,134304.0,220.87,32.25,7.39,10.51,-0.73,-0.09,0.07,97,97,1,2016-12-08 02:35:00,1,1,471.6,12
2016,343,2,40,5,0,0.2,2662,0.71,0.0,-0.7,13.7,-6.75,9.49,-6.79,9.47,-6.82,11,0.01,0.63,2.27,5,475.9,-475.8,-0.3,1.8,15.31,135310.0,220.87,32.25,7.39,10.23,-0.6,-0.03,0.06,43,43,1,2016-12-08 02:40:00,1,1,475.8,12
2016,343,2,45,5,0,0.8,2675,0.71,0.01,-0.7,12.66,-8.31,4.72,-8.09,4.66,-8.12,7,0.01,0.17,1.82,5,475.1,-475.0,-10.4,1.5,16.3,138349.0,220.87,32.25,7.39,9.93,-0.38,-0.04,0.04,60,60,1,2016-12-08 02:45:00,1,1,475.0,12
2016,343,2,50,5,22,1.0,2645,0.68,-0.04,-0.73,10.42,-6.81,2.54,-6.81,2.47,-6.84,36,0.05,1.37,2.65,5,476.6,-476.3,-15.0,-2.1,17.71,143776.0,220.87,32.26,7.38,9.88,-0.31,0.06,0.07,76,76,1,2016-12-08 02:50:00,1,1,476.3,12
2016,343,2,55,5,100,9.9,2636,0.61,-0.06,-0.78,9.84,-7.13,1.62,-6.48,1.52,-6.5,26,0.02,0.45,1.13,5,479.8,-479.5,-12.2,-8.2,18.9,117993.0,220.87,32.26,7.38,9.81,-0.39,0.19,0.03,41,41,1,2016-12-08 02:55:00,1,1,479.5,12
2016,343,3,0,5,100,9.9,2725,0.57,-0.0,-0.8,8.48,-6.1,2.34,-5.11,2.25,-5.15,17,0.02,0.68,1.67,5,479.4,-479.1,-1.2,-14.9,19.98,142125.0,220.87,32.26,7.38,9.88,-0.57,0.31,0.05,45,45,1,2016-12-08 03:00:00,1,1,479.1,12
2016,343,3,5,5,100,9.9,2759,0.52,0.07,-0.84,8.92,-8.14,0.69,-3.48,0.62,-3.49,16,0.03,0.64,0.81,5,483.0,-482.8,-7.2,-12.8,19.67,144035.0,220.87,32.27,7.37,10.1,-0.45,0.25,0.04,54,54,1,2016-12-08 03:05:00,1,1,482.8,12
2016,343,3,10,5,87,1.0,2808,0.47,0.14,-0.86,8.61,-8.29,-0.07,-2.18,-0.12,-2.18,37,0.02,1.3,1.48,5,482.6,-482.2,-16.3,-9.2,19.78,143068.0,220.87,32.27,7.37,10.25,-0.28,0.21,0.05,43,43,1,2016-12-08 03:10:00,1,1,482.2,12
2016,343,3,15,5,0,1.0,2949,0.45,0.17,-0.88,8.34,-6.8,-0.34,-3.99,-0.45,-3.98,35,0.01,1.72,2.86,5,480.3,-479.7,-17.0,-15.9,20.22,145105.0,220.87,32.27,7.37,10.0,-0.29,0.34,0.06,35,35,1,2016-12-08 03:15:00,1,1,479.7,12
2016,343,3,20,5,0,0.8,2947,0.49,0.24,-0.83,8.35,-4.97,5.81,-1.97,5.74,-2.16,59,0.12,0.09,2.46,5,473.1,-472.9,-9.7,-6.5,21.58,126275.0,220.87,32.27,7.37,10.23,-0.44,0.1,0.05,45,45,1,2016-12-08 03:20:00,1,1,472.9,12
2016,343,3,35,5,13,0.7,2985,0.56,0.29,-0.75,8.0,-5.45,5.43,-1.88,5.34,-2.12,129,0.14,0.23,0.89,5,473.5,-473.4,-2.4,-5.4,22.24,134511.0,220.87,32.28,7.36,10.18,-0.6,0.12,0.05,117,117,1,2016-12-08 03:35:00,1,1,473.4,12
2016,343,3,40,4,34,0.6,2493,0.37,-0.03,-0.92,6.65,-4.79,4.05,-1.9,3.95,-2.1,102,0.07,0.95,1.17,4,475.6,-475.6,2.5,-3.5,22.22,143508.0,220.87,32.29,7.35,10.15,-0.7,0.07,0.04,205,154,1,2016-12-08 03:40:00,1,1,475.6,12
2016,343,3,45,4,0,1.0,2621,0.4,0.01,-0.92,5.9,-3.18,3.02,-2.48,2.88,-2.63,46,0.04,0.18,1.74,2,475.1,-475.1,4.7,-6.2,22.54,150402.0,220.87,32.29,7.35,10.06,-0.72,0.11,0.07,19,19,1,2016-12-08 03:45:00,1,1,475.1,12
2016,343,5,15,5,4,1.0,2820,0.72,0.24,-0.56,10.32,-5.18,4.95,-5.57,4.19,-6.16,243,0.14,0.66,3.65,5,475.8,-475.7,1.3,1.9,18.71,142876.0,220.88,32.34,7.29,10.03,-0.71,-0.04,0.25,171,171,1,2016-12-08 05:15:00,1,1,475.7,12
2016,366,18,55,5,82,0.8,2756,0.85,-0.05,-0.11,13.8,-5.2,-2.47,-7.84,-1.14,-8.14,194,0.17,0.95,3.65,5,498.8,-492.3,76.4,-6.8,14.12,405794.0,231.07,40.25,-15.13,9.91,-2.2,0.12,0.53,86,-102,1,2016-12-31 18:55:00,1,1,492.3,12
2016,366,19,20,5,100,9.9,2844,0.91,0.13,0.16,11.85,2.26,-5.6,-9.21,-3.83,-10.07,54,0.04,0.63,3.68,4,516.0,-509.9,78.5,4.8,13.0,486690.0,231.07,40.25,-15.14,9.83,-2.08,-0.13,0.04,21,21,1,2016-12-31 19:20:00,1,1,509.9,12
2016,366,19,25,5,80,0.0,3001,0.92,0.21,0.04,11.3,2.27,0.45,-10.11,2.31,-9.86,75,0.12,1.25,3.36,4,512.6,-506.7,76.8,10.4,12.95,460590.0,231.07,40.25,-15.14,9.78,-2.01,-0.2,0.1,22,22,1,2016-12-31 19:25:00,1,1,506.7,12
2017,3,9,50,5,0,1.0,4146,0.55,0.81,-0.23,11.01,-8.23,3.63,-6.33,3.12,-6.6,43,0.03,0.04,0.23,5,458.6,-457.9,-8.3,24.8,12.94,76492.0,231.97,39.61,-17.27,10.6,-0.5,-0.57,0.01,27,27,1,2017-01-03 09:50:00,1,1,457.9,1
2017,3,9,55,5,0,1.0,4225,0.53,0.83,-0.19,10.89,-8.28,4.15,-5.7,3.68,-6.01,20,0.02,0.19,0.37,5,457.9,-457.1,-8.0,25.8,13.04,74648.0,231.97,39.61,-17.27,10.68,-0.5,-0.62,0.02,50,50,1,2017-01-03 09:55:00,1,1,457.1,1
2017,3,10,15,5,100,9.9,4500,0.47,0.86,-0.11,9.27,-7.94,3.74,-2.13,3.55,-2.43,50,0.03,0.09,1.78,4,459.0,-456.7,-2.4,45.6,14.56,93468.0,231.97,39.61,-17.28,10.9,-0.65,-1.05,0.05,24,24,1,2017-01-03 10:15:00,1,1,456.7,1
2017,3,10,20,5,68,1.0,4326,0.51,0.83,-0.12,9.09,-6.97,3.77,-4.26,3.41,-4.56,186,0.07,0.13,0.35,5,462.4,-461.2,-4.9,32.4,14.18,96245.0,231.97,39.61,-17.29,10.7,-0.61,-0.81,0.13,74,50,1,2017-01-03 10:20:00,1,1,461.2,1
2017,3,10,25,5,15,0.9,4063,0.59,0.75,-0.24,8.57,-1.89,-0.52,-5.94,-1.0,-5.87,189,0.09,0.4,5.22,5,466.4,-465.1,3.5,34.0,12.73,117529.0,231.97,39.6,-17.29,10.61,-0.73,-0.77,0.22,191,144,1,2017-01-03 10:25:00,1,1,465.1,1
2017,3,10,35,5,0,1.0,3847,0.64,0.72,-0.26,4.55,-2.94,1.34,-2.79,1.11,-2.89,32,0.01,1.95,2.36,5,483.2,-478.9,20.1,60.1,12.79,225104.0,231.98,39.6,-17.3,10.78,-1.1,-1.4,0.04,42,42,1,2017-01-03 10:35:00,1,1,478.9,1
2017,3,11,5,5,44,0.7,4311,0.45,0.62,-0.24,3.78,0.09,-1.84,-2.38,-2.03,-2.22,194,0.09,0.42,1.05,5,464.4,-461.5,1.1,50.6,13.14,228227.0,231.98,39.59,-17.32,10.97,-0.8,-1.26,0.29,49,-326,1,2017-01-03 11:05:00,1,1,461.5,1
2017,60,10,20,5,0,0.4,3292,0.9,-0.03,-0.44,10.25,-3.14,-3.45,-5.7,-2.11,-6.32,58,0.05,3.95,7.87,5,460.6,-460.1,-7.9,-15.8,13.4,354065.0,240.31,-27.87,-15.67,10.68,-0.52,0.41,0.1,83,83,1,2017-03-01 10:20:00,1,1,460.1,3
2017,60,10,25,5,0,1.0,3216,0.93,-0.13,-0.35,9.33,-0.85,-9.19,-0.74,-8.8,-2.74,11,0.07,0.75,1.1,5,472.4,-472.0,-4.0,-18.2,14.94,327357.0,240.31,-27.87,-15.67,11.2,-0.63,0.42,0.06,62,62,1,2017-03-01 10:25:00,1,1,472.0,3
2017,60,10,40,5,0,0.7,3223,0.92,-0.13,-0.28,11.38,-1.65,-11.19,-0.08,-10.9,-2.53,57,0.16,0.22,0.46,5,463.2,-463.0,8.2,-9.9,16.67,299153.0,240.3,-27.88,-15.66,11.12,-0.93,0.23,0.07,34,34,1,2017-03-01 10:40:00,1,1,463.0,3
2017,60,10,45,5,0,0.9,3377,0.74,-0.15,-0.65,11.02,-1.16,-10.72,-1.14,-10.2,-3.46,34,0.09,0.66,1.48,3,465.3,-465.1,8.8,-8.9,17.24,293333.0,240.3,-27.88,-15.66,10.94,-0.89,0.23,0.08,47,44,1,2017-03-01 10:45:00,1,1,465.1,3
2017,60,10,50,5,0,0.8,3425,0.65,-0.01,-0.76,10.09,-2.64,-7.15,-3.61,-6.18,-5.08,16,0.07,0.36,4.46,5,463.8,-463.6,1.4,-6.6,17.52,270260.0,240.3,-27.89,-15.65,10.55,-0.65,0.16,0.13,51,51,1,2017-03-01 10:50:00,1,1,463.6,3
2017,60,10,55,5,0,0.7,3407,0.65,0.06,-0.75,10.98,-7.74,4.0,-6.5,5.33,-5.47,14,0.03,0.37,1.21,5,468.7,-468.2,-15.7,-13.1,16.56,242535.0,240.3,-27.89,-15.65,10.17,-0.32,0.29,0.04,63,63,1,2017-03-01 10:55:00,1,1,468.2,3
2017,60,11,0,5,0,1.0,3443,0.66,0.06,-0.75,13.4,-8.81,6.88,-5.86,7.99,-4.21,24,0.06,2.01,4.66,5,464.1,-463.8,-9.4,-12.3,18.93,164372.0,240.3,-27.89,-15.65,10.06,-0.45,0.25,0.08,60,60,1,2017-03-01 11:00:00,1,1,463.8,3
2017,60,11,30,5,0,0.2,3306,0.82,-0.07,-0.57,17.83,-2.58,11.85,-5.24,12.72,-2.5,46,0.05,1.2,11.46,5,467.9,-467.4,14.1,-14.6,18.9,170013.0,240.29,-27.91,-15.63,10.25,-0.98,0.33,0.24,79,79,1,2017-03-01 11:30:00,1,1,467.4,3
2017,60,11,35,5,0,0.6,3194,0.83,0.05,-0.56,15.47,-5.58,0.66,-7.63,2.33,-7.29,33,0.05,1.71,11.18,5,480.9,-480.4,11.9,-16.3,18.45,198904.0,240.29,-27.92,-15.63,9.7,-0.79,0.3,0.18,78,78,1,2017-03-01 11:35:00,1,1,480.4,3
2017,60,12,0,5,0,0.3,2811,0.92,-0.29,-0.27,20.92,-8.11,-15.99,-10.61,-13.19,-13.94,7,0.03,0.51,1.52,5,537.7,-535.8,31.2,-32.7,13.2,439369.0,240.28,-27.94,-15.61,9.76,-1.06,0.57,0.07,67,67,1,2017-03-01 12:00:00,1,1,535.8,3
2017,60,12,5,5,0,0.8,2946,0.83,-0.04,-0.54,19.95,-7.96,-15.43,-9.66,-12.85,-12.89,42,0.1,0.46,1.55,4,534.7,-532.8,31.2,-32.6,14.64,444372.0,240.28,-27.94,-15.61,9.77,-1.12,0.6,0.09,19,12,1,2017-03-01 12:05:00,1,1,532.8,3
2017,60,12,10,5,0,0.9,3050,0.71,0.07,-0.7,18.64,-6.59,-16.43,-5.62,-14.73,-9.21,22,0.03,0.72,1.12,5,537.3,-535.3,32.5,-31.6,13.62,463855.0,240.28,-27.94,-15.61,10.41,-1.21,0.61,0.08,44,44,1,2017-03-01 12:10:00,1,1,535.3,3
2017,60,12,15,4,0,0.6,3192,0.62,0.08,-0.78,17.11,-0.45,-15.81,-2.08,-14.92,-5.64,61,0.05,0.12,4.84,5,534.4,-532.6,27.4,-32.5,13.45,440447.0,240.28,-27.95,-15.61,10.81,-1.11,0.66,0.18,34,22,1,2017-03-01 12:15:00,1,1,532.6,3
2017,60,12,20,5,4,0.9,3022,0.76,0.14,-0.58,16.66,3.66,-15.91,0.14,-15.52,-3.51,104,0.15,0.2,1.53,4,534.2,-532.6,22.4,-33.9,13.29,453024.0,240.27,-27.95,-15.6,11.06,-1.07,0.74,0.21,137,123,1,2017-03-01 12:20:00,1,1,532.6,3
2017,60,12,25,5,35,1.0,2745,0.95,0.19,-0.22,16.51,2.99,-16.1,0.58,-15.8,-3.15,31,0.06,0.05,1.21,5,541.2,-539.4,19.2,-39.0,12.93,479807.0,240.27,-27.96,-15.6,11.19,-1.02,0.78,0.05,80,80,1,2017-03-01 12:25:00,1,1,539.4,3
2017,81,17,5,4,100,9.9,1767,0.33,-0.5,-0.79,5.79,-3.88,2.83,-3.15,3.86,-1.74,82,0.01,0.06,0.37,2,664.8,-651.4,40.1,85.0,0.83,91237.0,232.04,-41.77,4.03,14.35,-1.13,-2.14,0.1,18,16,1,2017-03-22 17:05:00,1,1,651.4,3
2017,81,21,0,5,83,1.0,1977,0.41,-0.64,-0.51,5.3,-1.78,2.37,-4.25,4.25,-2.36,152,0.12,0.07,0.6,5,668.9,-654.3,110.2,56.1,0.81,103808.0,231.99,-41.77,4.17,14.63,-2.8,-1.08,1.42,28,-5029,1,2017-03-22 21:00:00,1,1,654.3,3
2017,81,21,20,5,89,0.0,1842,0.55,-0.69,-0.32,4.78,-0.04,2.25,-4.14,4.11,-2.31,43,0.19,0.07,0.53,5,687.5,-670.5,139.5,59.5,0.61,93207.0,231.99,-41.77,4.18,14.81,-3.76,-1.36,0.13,29,-3694,1,2017-03-22 21:20:00,1,1,670.5,3
2017,81,21,40,5,0,1.0,1938,0.86,-0.24,-0.45,3.77,-1.5,-0.07,-2.86,1.47,-2.45,13,0.04,0.2,1.47,5,692.7,-677.6,111.3,64.1,1.05,248753.0,231.99,-41.77,4.2,14.16,-2.57,-1.41,0.88,66,-2591,1,2017-03-22 21:40:00,1,1,677.6,3
2017,81,21,45,5,0,0.8,1877,0.87,-0.3,-0.39,4.64,-0.73,1.77,-3.28,3.25,-1.82,23,0.03,0.16,2.14,5,705.5,-687.5,143.9,65.5,0.96,220435.0,231.99,-41.77,4.2,13.86,-3.5,-1.33,0.13,75,-2230,1,2017-03-22 21:45:00,1,1,687.5,3
2017,81,21,50,5,12,0.7,1886,0.82,-0.38,-0.41,4.67,-1.4,0.79,-4.24,2.95,-3.14,13,0.08,0.08,0.91,5,703.6,-686.5,141.4,60.2,0.82,221746.0,231.99,-41.77,4.2,14.24,-3.56,-1.25,0.08,52,-1938,1,2017-03-22 21:50:00,1,1,686.5,3
2017,81,21,55,4,36,0.9,1820,0.45,-0.82,-0.28,4.53,-2.55,0.01,-3.56,1.93,-2.99,44,0.17,0.07,0.95,5,684.6,-665.8,145.0,65.6,0.81,136811.0,231.99,-41.77,4.21,14.57,-3.73,-1.45,0.26,84,-1558,1,2017-03-22 21:55:00,1,1,665.8,3
2017,81,22,0,5,75,0.4,1900,0.34,-0.62,-0.3,4.44,-3.36,-0.36,-2.62,1.11,-2.41,68,0.21,0.01,0.68,5,673.2,-656.4,113.7,68.1,0.89,124520.0,231.98,-41.77,4.21,14.46,-3.16,-1.51,1.2,17,-1352,1,2017-03-22 22:00:00,1,1,656.4,3
2017,81,22,5,5,67,0.7,1970,0.49,0.13,-0.63,4.45,-2.92,-0.76,-3.13,1.05,-3.04,72,0.23,0.03,0.29,5,678.0,-661.8,112.4,64.4,0.88,122573.0,231.98,-41.77,4.21,14.35,-2.96,-1.49,1.74,47,-1122,1,2017-03-22 22:05:00,1,1,661.8,3
2017,110,0,20,5,0,1.0,2566,0.74,0.56,-0.36,14.31,-9.38,7.77,-6.88,10.15,-2.17,28,0.05,0.37,2.61,5,462.7,-462.4,3.5,15.1,17.76,275915.0,223.02,-23.7,24.88,10.12,-0.77,-0.33,0.13,73,73,1,2017-04-20 00:20:00,1,1,462.4,4
2017,110,0,25,5,0,0.7,2533,0.74,0.51,-0.44,13.25,-7.84,5.01,-8.69,8.62,-5.12,28,0.06,0.86,3.18,5,469.2,-468.9,8.2,6.7,18.45,291411.0,223.02,-23.69,24.89,9.75,-0.82,-0.11,0.14,61,59,1,2017-04-20 00:25:00,1,1,468.9,4
2017,110,0,30,5,0,0.7,2489,0.75,0.45,-0.48,10.3,-2.76,-4.91,-8.53,-0.12,-9.84,12,0.03,0.45,1.05,5,491.3,-490.8,22.4,-4.2,17.74,375923.0,223.02,-23.69,24.89,9.71,-1.0,0.1,0.06,65,65,1,2017-04-20 00:30:00,1,1,490.8,4
2017,110,0,35,5,0,1.0,2540,0.78,0.43,-0.44,11.15,-3.25,-4.71,-9.46,0.5,-10.56,27,0.04,0.36,1.09,5,486.6,-486.3,15.7,-5.9,16.48,371750.0,223.02,-23.68,24.89,9.74,-0.92,0.12,0.03,42,42,1,2017-04-20 00:35:00,1,1,486.3,4
2017,110,0,40,5,25,1.0,2554,0.81,0.4,-0.42,11.36,-2.61,-4.42,-10.0,0.99,-10.89,21,0.02,0.47,1.3,5,484.8,-484.4,17.0,-5.9,16.65,349749.0,223.02,-23.68,24.89,9.64,-0.92,0.1,0.05,66,66,1,2017-04-20 00:40:00,1,1,484.4,4
2017,110,0,45,5,0,0.7,2569,0.86,0.37,-0.36,12.23,-0.82,-7.02,-9.81,-1.4,-11.98,28,0.07,0.13,1.62,5,487.4,-487.2,12.9,-4.7,15.92,388119.0,223.02,-23.68,24.89,9.79,-0.85,0.1,0.04,44,44,1,2017-04-20 00:45:00,1,1,487.2,4
2017,110,0,50,5,0,0.6,2553,0.85,0.35,-0.38,10.56,1.49,-8.21,-4.49,-5.02,-7.9,25,0.04,1.09,4.0,5,487.7,-487.5,10.2,-5.4,16.03,397498.0,223.02,-23.67,24.89,10.36,-0.85,0.11,0.12,77,77,1,2017-04-20 00:50:00,1,1,487.5,4
2017,110,0,55,5,0,0.9,2503,0.81,0.33,-0.48,9.79,0.99,-8.15,-3.48,-5.48,-6.97,21,0.05,1.06,3.77,5,487.4,-487.2,14.8,0.7,17.02,385341.0,223.02,-23.67,24.89,10.45,-0.95,-0.04,0.1,68,68,1,2017-04-20 00:55:00,1,1,487.2,4
2017,110,1,0,5,10,1.0,2495,0.79,0.31,-0.52,10.0,0.15,-8.75,-4.76,-5.4,-8.37,25,0.06,0.21,0.69,5,481.1,-480.8,14.8,6.7,16.69,354480.0,223.02,-23.66,24.89,10.38,-0.95,-0.15,0.03,48,48,1,2017-04-20 01:00:00,1,1,480.8,4
2017,110,1,5,5,70,1.0,2656,0.93,0.17,-0.22,9.51,1.34,-8.39,-4.19,-5.37,-7.69,67,0.15,0.77,1.03,3,481.8,-481.6,10.6,9.5,16.1,375487.0,223.02,-23.66,24.89,10.5,-0.88,-0.22,0.01,17,17,1,2017-04-20 01:05:00,1,1,481.6,4
2017,110,1,10,5,0,1.0,2793,1.0,0.01,0.07,9.03,0.34,-8.1,-3.85,-5.3,-7.23,8,0.04,0.62,0.82,5,481.2,-481.0,10.5,13.1,16.09,364745.0,223.02,-23.66,24.89,10.53,-0.89,-0.28,0.05,51,51,1,2017-04-20 01:10:00,1,1,481.0,4
2017,110,1,15,5,0,0.6,2803,0.99,0.01,0.13,8.79,0.8,-5.75,-5.57,-2.43,-7.63,12,0.03,0.48,3.35,5,485.3,-484.6,14.5,19.9,17.41,328216.0,223.02,-23.66,24.89,10.08,-0.92,-0.43,0.1,61,61,1,2017-04-20 01:15:00,1,1,484.6,4
2017,110,1,20,5,0,0.9,2791,0.99,0.02,0.14,7.48,1.12,-4.24,-5.76,-1.03,-7.08,10,0.03,1.9,2.54,5,489.0,-488.2,14.2,24.8,18.18,266858.0,223.02,-23.65,24.9,9.92,-0.9,-0.55,0.12,59,59,1,2017-04-20 01:20:00,1,1,488.2,4
2017,110,1,25,5,0,0.9,2782,0.99,0.08,0.06,6.82,0.21,-5.67,-2.18,-3.98,-4.58,18,0.05,1.11,2.78,5,484.0,-483.3,8.6,26.2,18.75,287263.0,223.02,-23.65,24.9,10.35,-0.83,-0.5,0.14,62,62,1,2017-04-20 01:25:00,1,1,483.3,4
2017,110,1,30,5,0,1.0,2860,0.96,0.03,0.29,6.14,0.52,-5.82,0.28,-5.28,-2.47,11,0.05,0.52,1.19,5,484.8,-484.4,9.6,14.5,19.83,299167.0,223.02,-23.64,24.9,10.56,-0.89,-0.3,0.04,46,42,1,2017-04-20 01:30:00,1,1,484.4,4
2017,110,2,20,5,0,0.9,2400,0.87,0.18,-0.46,10.12,-0.39,-8.87,-4.21,-6.08,-7.7,7,0.03,0.17,1.57,5,535.0,-533.2,37.8,-23.3,13.92,332501.0,223.02,-23.59,24.91,10.26,-1.3,0.46,0.11,65,65,1,2017-04-20 02:20:00,1,1,533.2,4
2017,110,2,25,5,0,1.0,2414,0.89,0.16,-0.43,10.15,0.5,-9.19,-3.31,-6.79,-7.02,9,0.01,0.11,2.42,5,535.4,-533.3,37.5,-27.2,14.05,330390.0,223.02,-23.58,24.92,10.38,-1.31,0.52,0.09,57,57,1,2017-04-20 02:25:00,1,1,533.3,4
2017,110,2,30,2,0,1.0,2402,0.89,0.17,-0.43,10.07,1.74,-9.59,0.28,-8.73,-3.96,2,0.01,0.02,1.55,3,542.1,-539.5,38.5,-34.5,13.81,359210.0,223.02,-23.58,24.92,10.67,-1.36,0.73,0.12,60,60,1,2017-04-20 02:30:00,1,1,539.5,4
2017,110,5,25,5,0,0.5,2408,0.89,0.19,-0.41,9.68,-3.63,1.65,-7.88,4.13,-6.91,7,0.04,0.21,3.74,5,530.6,-528.5,45.7,-6.9,13.65,513489.0,223.02,-23.42,24.96,9.89,-1.47,0.1,0.06,60,60,1,2017-04-20 05:25:00,1,1,528.5,4
2017,110,5,30,5,0,0.5,2403,0.91,0.11,-0.41,9.5,-3.39,-2.26,-8.46,0.59,-8.74,4,0.02,0.27,1.07,5,531.6,-528.8,55.6,-3.3,13.44,482065.0,223.02,-23.42,24.96,9.8,-1.59,0.05,0.04,58,58,1,2017-04-20 05:30:00,1,1,528.8,4
2017,110,5,35,5,0,0.7,2400,0.87,0.19,-0.44,9.55,-2.86,-4.56,-7.73,-1.86,-8.78,7,0.08,0.38,1.42,5,535.2,-531.8,59.3,-8.8,12.82,455382.0,223.02,-23.41,24.96,9.92,-1.67,0.19,0.04,61,61,1,2017-04-20 05:35:00,1,1,531.8,4
2017,110,5,40,5,30,0.8,2423,0.85,0.2,-0.48,8.02,-3.92,-1.39,-6.39,0.69,-6.51,19,0.08,0.38,2.27,5,525.6,-522.9,52.7,-8.2,12.83,520631.0,223.02,-23.41,24.96,10.2,-1.57,0.13,0.05,59,59,1,2017-04-20 05:40:00,1,1,522.9,4
2017,110,5,45,5,66,1.0,2312,0.48,-0.65,-0.28,8.19,-3.72,-0.04,-7.11,2.18,-6.77,24,0.32,0.38,0.92,5,527.0,-525.1,45.0,-5.7,13.17,529028.0,223.02,-23.4,24.96,10.07,-1.43,0.11,0.05,82,82,1,2017-04-20 05:45:00,1,1,525.1,4
2017,110,6,5,5,100,9.9,2218,0.34,-0.13,-0.42,8.6,-1.24,7.17,-4.56,8.21,-2.2,63,0.1,0.1,0.36,3,529.0,-528.1,29.6,-10.1,13.8,542907.0,223.02,-23.38,24.97,10.38,-1.17,0.2,0.0,18,18,1,2017-04-20 06:05:00,1,1,528.1,4
2017,110,6,10,5,100,9.9,2422,0.36,0.05,-0.12,8.42,-1.66,7.14,-4.03,8.01,-1.74,58,0.11,0.07,0.78,3,530.2,-529.4,28.2,-10.1,13.84,543409.0,223.02,-23.38,24.97,10.44,-1.14,0.2,0.01,20,20,1,2017-04-20 06:10:00,1,1,529.4,4
2017,111,16,5,4,0,1.0,2214,0.84,0.38,-0.34,10.41,-4.71,7.14,-5.67,8.56,-3.13,52,0.06,0.35,0.89,3,530.5,-527.1,-59.2,-5.4,14.58,173912.0,223.01,-21.5,25.45,10.0,0.57,0.1,0.1,57,57,1,2017-04-21 16:05:00,1,1,527.1,4
2017,111,16,10,5,0,0.9,2261,0.87,0.39,-0.29,10.31,-4.82,6.13,-5.8,7.66,-3.56,8,0.04,0.66,3.01,5,529.3,-526.0,-59.2,-3.9,15.4,171226.0,223.01,-21.5,25.46,9.91,0.55,0.06,0.07,58,42,1,2017-04-21 16:10:00,1,1,526.0,4
2017,111,16,15,5,0,0.9,2221,0.85,0.48,-0.2,8.07,-2.5,0.22,-7.2,2.53,-6.75,21,0.03,0.65,2.12,5,532.7,-529.2,-60.8,-3.8,19.43,151864.0,223.01,-21.49,25.46,9.33,0.54,0.09,0.08,71,71,1,2017-04-21 16:15:00,1,1,529.2,4
2017,111,16,20,5,0,0.7,2221,0.86,0.47,-0.19,10.74,-1.56,-0.57,-10.51,2.88,-10.13,14,0.02,0.61,1.35,5,542.1,-538.7,-57.9,-18.9,15.16,203675.0,223.01,-21.48,25.46,9.33,0.46,0.35,0.05,52,52,1,2017-04-21 16:20:00,1,1,538.7,4
2017,111,16,25,5,0,0.5,2234,0.89,0.44,-0.13,7.78,2.73,-5.61,-3.42,-4.18,-5.08,6,0.03,1.17,2.8,5,552.0,-549.0,-48.5,-30.5,18.3,194556.0,223.01,-21.48,25.46,9.75,0.33,0.57,0.16,59,59,1,2017-04-21 16:25:00,1,1,549.0,4
2017,111,17,15,5,0,0.9,2321,0.89,0.41,0.17,12.82,6.22,-10.78,-1.39,-9.53,-5.23,19,0.03,0.14,1.67,5,549.6,-547.2,-41.2,-30.7,13.12,373933.0,223.01,-21.43,25.47,10.72,0.25,0.59,0.13,68,68,1,2017-04-21 17:15:00,1,1,547.2,4
2017,111,17,25,5,0,0.7,2291,0.91,0.41,-0.08,12.27,5.27,-11.03,0.25,-10.33,-3.88,18,0.05,0.04,0.56,5,546.3,-544.4,-42.6,-15.6,13.52,353842.0,223.01,-21.42,25.47,10.92,0.27,0.27,0.04,54,54,1,2017-04-21 17:25:00,1,1,544.4,4
2017,111,17,30,5,0,0.7,2326,0.91,0.41,0.02,12.54,4.92,-10.87,1.36,-10.58,-2.83,6,0.02,0.22,2.97,5,543.8,-541.8,-41.9,-18.7,13.36,347371.0,223.01,-21.42,25.47,10.9,0.22,0.42,0.08,57,57,1,2017-04-21 17:30:00,1,1,541.8,4
2017,141,9,0,5,91,0.7,3385,0.5,-0.13,0.6,5.09,3.12,-1.88,-1.52,-1.79,-1.63,1235,0.43,0.18,2.6,4,675.6,-640.3,173.7,120.8,0.94,389348.0,225.05,20.77,19.91,13.79,-4.94,-2.61,0.53,535,-957,1,2017-05-21 09:00:00,1,1,640.3,5
2017,141,9,5,5,44,0.8,2112,0.5,-0.45,0.26,4.79,2.91,0.71,-2.02,0.82,-1.98,375,0.11,0.05,1.07,3,676.9,-634.1,195.7,128.6,0.93,405452.0,225.05,20.78,19.91,13.26,-5.51,-2.94,0.71,-111,-488,1,2017-05-21 09:05:00,1,1,634.1,5
2017,141,10,0,5,100,9.9,1717,0.32,0.22,-0.8,4.18,2.98,-1.9,-1.67,-1.83,-1.74,557,0.16,0.08,0.42,5,678.0,-627.3,221.3,121.6,0.78,339188.0,225.08,20.86,19.87,13.74,-5.59,-2.52,1.09,13,-298,1,2017-05-21 10:00:00,1,1,627.3,5
2017,141,13,15,5,65,0.2,3197,0.84,0.35,0.39,4.29,2.02,-3.12,-1.57,-3.02,-1.76,150,0.06,0.14,0.9,4,671.6,-619.1,237.4,106.1,0.9,385894.0,225.12,21.0,19.8,13.62,-5.62,-2.39,0.31,229,54,1,2017-05-21 13:15:00,1,1,619.1,5
2017,167,13,20,5,0,1.0,3515,0.82,0.56,0.1,10.04,5.04,-6.44,-5.39,-7.04,-4.59,13,0.04,0.81,1.72,5,463.5,-461.9,-16.2,34.2,13.8,213757.0,234.39,40.24,-3.04,10.62,-0.28,-0.76,0.17,67,67,1,2017-06-16 13:20:00,1,1,461.9,6
2017,167,13,25,5,13,1.0,3454,0.84,0.45,0.3,8.82,4.75,-5.86,-4.47,-6.33,-3.76,16,0.06,1.19,1.31,5,461.6,-460.0,-20.9,32.1,14.79,220443.0,234.39,40.24,-3.04,10.64,-0.21,-0.73,0.06,67,67,1,2017-06-16 13:25:00,1,1,460.0,6
2017,167,13,30,5,0,0.7,3506,0.83,0.47,0.28,8.07,4.12,-4.64,-5.08,-5.19,-4.52,34,0.07,0.94,1.01,5,461.3,-459.6,-17.7,34.0,14.9,224559.0,234.39,40.24,-3.04,10.57,-0.29,-0.81,0.05,37,37,1,2017-06-16 13:30:00,1,1,459.6,6
2017,167,13,35,5,0,1.0,3632,0.78,0.61,0.1,9.74,5.79,-4.69,-6.23,-5.35,-5.67,48,0.08,0.4,0.66,5,459.6,-457.8,-16.1,37.8,14.07,213695.0,234.39,40.24,-3.04,10.5,-0.3,-0.87,0.02,33,31,1,2017-06-16 13:35:00,1,1,457.8,6
2017,167,13,45,5,0,0.4,3529,0.81,0.59,-0.06,9.18,-2.63,2.39,-7.98,1.53,-8.19,28,0.06,0.33,2.35,5,459.0,-457.4,-18.3,31.7,13.99,189282.0,234.4,40.24,-3.05,10.32,-0.29,-0.7,0.07,62,62,1,2017-06-16 13:45:00,1,1,457.4,6
2017,167,14,25,5,0,0.6,3430,0.88,0.47,0.04,9.32,2.98,-5.53,-4.48,-5.88,-4.01,5,0.02,1.05,4.86,5,463.8,-461.7,-9.3,42.6,13.64,190946.0,234.41,40.24,-3.08,10.74,-0.52,-0.98,0.21,54,54,1,2017-06-16 14:25:00,1,1,461.7,6
2017,183,10,45,5,0,0.7,2357,0.6,-0.63,0.49,8.73,-1.78,-6.44,-5.34,-7.6,-3.49,46,0.05,0.25,1.16,4,462.7,-461.8,-27.3,-4.7,12.8,67590.0,241.42,37.68,-17.14,10.64,-0.06,0.11,0.07,39,39,1,2017-07-02 10:45:00,1,1,461.8,7
2017,183,10,50,5,0,1.0,2417,0.64,-0.64,0.43,8.27,-3.53,-6.31,-3.75,-7.06,-1.99,8,0.01,0.7,1.26,5,462.9,-462.4,-23.2,-2.9,14.3,70821.0,241.42,37.67,-17.14,10.68,-0.17,0.03,0.1,59,59,1,2017-07-02 10:50:00,1,1,462.4,7
2017,190,8,55,5,100,9.9,3211,0.65,-0.08,-0.45,13.25,1.61,11.19,-6.06,9.08,-8.92,24,0.08,0.29,2.5,5,460.1,-459.5,19.1,14.1,13.25,416452.0,243.55,31.62,-22.07,10.91,-1.18,-0.35,0.07,91,91,1,2017-07-09 08:55:00,1,1,459.5,7
2017,197,10,35,5,0,0.9,3337,0.97,0.11,0.22,19.76,0.48,15.86,-10.33,11.33,-15.16,19,0.01,1.16,5.08,5,466.9,-459.4,47.0,65.9,17.85,327742.0,246.5,23.69,-26.03,9.64,-1.62,-1.52,0.2,73,73,1,2017-07-16 10:35:00,1,1,459.4,7
2017,197,10,40,5,0,0.8,3291,0.97,0.14,0.19,17.0,-2.48,11.29,-2.34,9.78,-6.09,34,0.05,1.25,9.52,5,487.1,-475.7,33.0,96.9,17.21,530949.0,246.51,23.68,-26.04,10.41,-1.31,-2.05,0.38,68,68,1,2017-07-16 10:40:00,1,1,475.7,7
2017,197,10,50,5,0,0.6,3190,0.94,0.06,0.31,23.45,5.64,-17.69,-13.76,-21.36,-6.79,44,0.09,0.57,3.23,5,472.6,-468.6,25.2,52.6,13.09,495166.0,246.51,23.67,-26.04,10.28,-1.41,-1.06,0.24,73,73,1,2017-07-16 10:50:00,1,1,468.6,7
2017,197,20,10,5,20,1.0,2223,0.8,-0.24,0.55,16.95,7.24,13.08,-7.32,12.8,-7.8,40,0.07,0.14,2.65,4,598.7,-595.9,-56.8,-5.5,14.54,565474.0,246.68,23.22,-26.22,9.58,0.45,0.06,0.09,32,32,1,2017-07-16 20:10:00,1,1,595.9,7
2017,197,20,15,5,0,0.9,2226,0.87,-0.32,0.36,17.17,7.53,13.91,-5.5,13.71,-5.98,73,0.05,0.08,1.36,4,629.2,-626.9,-53.2,-2.9,19.43,751684.0,246.68,23.21,-26.22,9.55,0.36,0.06,0.42,84,73,1,2017-07-16 20:15:00,1,1,626.9,7
2017,205,21,45,5,100,9.9,2570,0.66,0.18,0.57,3.11,2.05,1.64,-1.64,1.55,-1.73,64,0.01,0.14,0.25,3,538.3,-497.0,170.9,-108.1,0.62,24952.0,249.02,14.15,-28.84,15.48,-5.9,3.09,0.0,17,17,1,2017-07-24 21:45:00,1,1,497.0,7
2017,216,7,25,5,8,0.9,3130,0.75,0.45,0.25,13.97,-5.01,9.67,-6.32,6.59,-9.49,169,0.18,0.37,2.49,5,457.2,-457.0,-8.0,-8.2,13.22,305341.0,248.35,0.05,-29.37,10.78,-0.54,0.17,0.48,129,129,1,2017-08-04 07:25:00,1,1,457.0,8
2017,216,7,30,5,53,0.3,2961,0.67,0.22,0.38,15.04,-7.88,10.12,-2.11,8.57,-5.79,182,0.24,0.42,4.95,5,456.9,-456.7,-5.7,-3.7,13.62,290380.0,248.35,0.04,-29.37,11.13,-0.58,0.06,0.42,68,-6,1,2017-08-04 07:30:00,1,1,456.7,8
2017,243,7,40,5,0,0.9,2940,0.89,0.46,-0.05,16.05,-8.11,11.4,-3.49,8.37,-8.48,26,0.05,0.24,6.18,5,482.5,-482.1,12.8,3.1,13.38,589063.0,241.75,-32.44,-16.48,11.06,-0.96,-0.09,0.21,61,61,1,2017-08-31 07:40:00,1,1,482.1,8
2017,243,7,45,5,0,1.0,2838,0.88,0.48,0.03,18.37,-0.09,2.68,-17.37,-5.93,-16.54,22,0.02,1.33,3.99,5,487.1,-485.4,0.1,40.0,13.09,591287.0,241.75,-32.44,-16.48,9.32,-0.54,-0.81,0.18,77,77,1,2017-08-31 07:45:00,1,1,485.4,8
2017,243,7,50,5,0,0.9,2854,0.92,0.4,0.03,15.26,-3.93,8.64,-3.09,6.11,-6.86,15,0.02,2.71,11.21,5,518.0,-512.0,54.6,-4.8,13.57,697260.0,241.75,-32.44,-16.48,10.27,-2.02,0.35,0.24,52,52,1,2017-08-31 07:50:00,1,1,512.0,8
2017,243,8,5,5,0,0.9,3139,0.85,0.45,-0.27,11.59,-4.18,6.96,-0.96,5.62,-4.22,28,0.06,0.34,7.45,5,534.9,-521.3,117.8,-13.1,13.71,881897.0,241.74,-32.45,-16.47,10.45,-2.94,0.28,0.15,51,49,1,2017-08-31 08:05:00,1,1,521.3,8
2017,243,8,10,5,0,0.9,3116,0.83,0.46,-0.32,13.1,-1.73,-4.25,-11.43,-9.29,-7.9,38,0.03,0.7,2.17,5,534.1,-523.2,104.1,-24.8,13.81,838460.0,241.74,-32.45,-16.47,9.36,-2.36,0.46,0.21,75,75,1,2017-08-31 08:10:00,1,1,523.2,8
2017,243,8,15,5,0,1.0,3086,0.77,0.54,-0.34,15.33,-5.53,-2.45,-12.24,-8.14,-9.47,19,0.01,0.55,5.57,5,551.0,-541.3,96.5,-34.8,14.29,835918.0,241.74,-32.46,-16.47,9.14,-2.13,0.6,0.13,48,48,1,2017-08-31 08:15:00,1,1,541.3,8
2017,243,8,20,5,0,0.8,3004,0.82,0.5,-0.19,14.25,-4.28,7.54,1.12,7.12,-2.75,114,0.15,3.35,9.56,5,557.8,-545.7,110.0,-31.7,13.17,772128.0,241.74,-32.46,-16.47,10.45,-2.72,0.56,0.37,119,109,1,2017-08-31 08:20:00,1,1,545.7,8
2017,247,16,15,5,0,1.0,2497,0.37,0.09,0.92,4.87,2.44,2.97,-1.81,1.98,-2.85,15,0.02,0.4,2.13,5,477.6,-477.5,-3.1,-0.7,13.51,215265.0,239.32,-36.16,-12.9,10.95,-0.62,-0.02,0.06,64,64,1,2017-09-04 16:15:00,1,1,477.5,9
2017,247,16,20,5,9,1.0,2506,0.38,0.02,0.92,5.39,3.95,3.15,-1.67,2.21,-2.79,46,0.04,0.11,0.33,5,487.9,-487.9,0.2,0.3,14.14,201191.0,239.32,-36.17,-12.9,10.85,-0.67,-0.01,0.1,47,46,1,2017-09-04 16:20:00,1,1,487.9,9
2017,247,16,25,5,98,0.0,2540,0.39,-0.04,0.91,5.19,3.88,3.07,-0.56,2.59,-1.74,64,0.04,0.23,0.73,3,485.9,-485.8,-0.6,-4.4,13.95,215937.0,239.32,-36.17,-12.9,11.0,-0.67,0.07,0.06,77,72,1,2017-09-04 16:25:00,1,1,485.8,9
2017,247,17,50,5,100,9.9,3184,0.76,-0.27,-0.5,7.32,3.24,5.85,-2.54,4.64,-4.38,18,0.04,0.06,1.42,5,486.7,-486.4,-19.0,1.4,12.88,225105.0,239.29,-36.21,-12.85,10.93,-0.24,-0.04,0.03,70,70,1,2017-09-04 17:50:00,1,1,486.4,9
2017,247,17,55,5,97,0.0,2909,0.63,-0.16,-0.25,7.23,3.27,5.67,-2.47,4.52,-4.23,261,0.28,0.37,1.01,5,491.4,-490.9,-20.9,0.1,12.97,223427.0,239.29,-36.21,-12.85,11.08,-0.2,0.04,0.23,164,164,1,2017-09-04 17:55:00,1,1,490.9,9
2017,247,18,10,5,95,0.0,2848,0.61,-0.18,0.25,6.44,2.92,4.76,-1.63,3.97,-3.09,280,0.36,0.35,0.88,5,489.1,-488.9,-13.0,-1.7,12.96,214922.0,239.28,-36.22,-12.84,11.19,-0.35,0.13,0.24,191,153,1,2017-09-04 18:10:00,1,1,488.9,9
2017,247,20,45,5,0,0.7,2640,0.54,0.07,0.83,7.89,6.23,2.48,-4.06,1.41,-4.54,36,0.06,0.14,0.64,5,518.3,-517.9,9.3,18.5,12.87,274017.0,239.23,-36.31,-12.74,10.49,-0.79,-0.38,0.02,37,36,1,2017-09-04 20:45:00,1,1,517.9,9
2017,247,20,50,5,0,0.7,2689,0.55,-0.04,0.83,7.96,6.62,0.24,-4.21,-0.78,-4.15,2,0.02,0.1,1.17,5,517.4,-517.1,11.9,17.1,12.86,262923.0,239.23,-36.31,-12.74,10.49,-0.85,-0.33,0.03,57,57,1,2017-09-04 20:50:00,1,1,517.1,9
2017,250,2,25,5,0,0.9,2526,0.77,0.59,0.2,6.45,3.97,-3.32,-3.34,-4.16,-2.21,5,0.03,1.23,1.56,5,585.1,-575.0,58.1,91.2,14.07,609289.0,238.13,-37.99,-10.79,9.94,-1.52,-1.57,0.13,76,76,1,2017-09-07 02:25:00,1,1,575.0,9
2017,250,2,30,5,0,1.0,2526,0.82,0.54,0.17,5.9,1.46,-1.91,-3.71,-2.93,-2.97,3,0.04,1.53,3.14,5,578.3,-569.3,53.4,86.2,14.0,582886.0,238.13,-37.99,-10.79,9.98,-1.45,-1.49,0.15,61,61,1,2017-09-07 02:30:00,1,1,569.3,9
2017,250,2,35,5,10,0.9,2527,0.92,0.34,0.15,6.64,1.57,-1.71,-4.92,-3.1,-4.18,3,0.1,0.63,3.07,5,575.4,-567.4,49.4,81.7,13.53,590457.0,238.13,-38.0,-10.78,9.9,-1.39,-1.44,0.1,58,58,1,2017-09-07 02:35:00,1,1,567.4,9
2017,250,3,0,5,0,0.9,2566,0.94,0.09,0.28,5.85,2.06,-1.12,-4.86,-2.59,-4.26,43,0.11,1.75,2.29,5,577.1,-570.4,44.9,75.1,12.79,634673.0,238.12,-38.01,-10.77,10.01,-1.32,-1.31,0.13,89,89,1,2017-09-07 03:00:00,1,1,570.4,9
2017,250,3,5,5,0,0.8,2487,0.91,0.28,0.07,5.09,0.66,-2.73,-3.52,-3.71,-2.46,27,0.11,1.13,2.22,5,583.5,-575.7,54.0,78.6,12.82,570366.0,238.12,-38.01,-10.77,10.1,-1.48,-1.37,0.12,68,68,1,2017-09-07 03:05:00,1,1,575.7,9
2017,250,3,10,5,0,0.9,2473,0.85,0.43,0.03,5.65,-1.24,1.69,-4.03,0.3,-4.36,42,0.13,0.8,2.99,5,585.1,-576.7,57.8,80.1,12.74,489288.0,238.12,-38.01,-10.76,9.99,-1.52,-1.4,0.1,59,52,1,2017-09-07 03:10:00,1,1,576.7,9
2018,68,23,20,5,0,0.5,3221,0.7,-0.34,0.63,9.86,6.59,3.04,-6.02,5.8,-3.44,8,0.02,0.36,2.8,5,457.4,-457.1,3.3,16.1,15.36,106960.0,230.27,-41.29,-5.27,10.38,-0.77,-0.38,0.05,52,52,1,2018-03-09 23:20:00,1,1,457.1,3
2018,110,10,45,5,100,9.9,3715,0.61,0.7,0.05,15.57,11.18,-10.55,-0.4,-10.29,-2.37,30,0.07,0.19,1.59,4,474.9,-469.9,66.5,15.4,13.64,446074.0,221.71,-1.17,26.12,11.2,-2.31,-0.4,0.09,44,44,1,2018-04-20 10:45:00,1,1,469.9,4
2018,110,10,50,5,100,9.9,3654,0.5,0.74,-0.29,15.37,12.45,-8.41,-2.11,-7.87,-3.65,29,0.1,0.21,2.22,5,464.1,-458.9,64.8,25.0,14.81,418667.0,221.71,-1.16,26.12,10.92,-2.25,-0.56,0.09,70,70,1,2018-04-20 10:50:00,1,1,458.9,4
2018,110,10,55,3,17,0.7,3788,0.55,0.78,-0.22,15.38,11.24,-8.64,-5.85,-7.39,-7.36,84,0.18,0.05,0.85,3,467.9,-463.1,66.2,8.8,14.1,368635.0,221.71,-1.16,26.12,10.5,-2.19,-0.17,0.02,29,29,1,2018-04-20 10:55:00,1,1,463.1,4
2018,110,11,0,5,19,1.0,3802,0.61,0.75,-0.04,14.96,10.53,-8.88,-5.68,-7.66,-7.25,89,0.21,0.23,1.07,5,467.9,-462.8,68.7,2.8,13.8,370055.0,221.71,-1.15,26.12,10.54,-2.25,-0.03,0.05,101,101,1,2018-04-20 11:00:00,1,1,462.8,4
2018,110,11,5,5,0,1.0,3568,0.75,0.64,0.19,14.45,8.12,-8.28,-5.95,-7.02,-7.4,22,0.02,0.68,5.32,5,470.8,-465.0,72.0,-9.5,13.74,385701.0,221.71,-1.14,26.12,10.45,-2.29,0.26,0.24,81,81,1,2018-04-20 11:05:00,1,1,465.0,4
2018,110,11,10,5,0,0.8,3600,0.72,0.68,0.1,14.89,7.98,-7.17,-10.15,-5.14,-11.32,46,0.05,0.48,1.53,5,470.2,-464.0,72.0,-22.4,13.4,394763.0,221.71,-1.14,26.12,9.98,-2.18,0.45,0.14,50,41,1,2018-04-20 11:10:00,1,1,464.0,4
2018,110,11,15,5,0,1.0,3676,0.68,0.73,0.04,14.64,7.12,-6.56,-10.73,-4.43,-11.77,47,0.03,0.27,1.85,5,473.9,-467.6,71.6,-27.5,13.26,383258.0,221.71,-1.13,26.12,9.91,-2.13,0.56,0.07,29,29,1,2018-04-20 11:15:00,1,1,467.6,4
2018,110,11,20,5,14,0.9,3745,0.63,0.76,-0.08,14.91,8.21,-8.96,-7.69,-7.36,-9.24,161,0.11,0.54,2.64,5,467.4,-462.4,64.2,-12.1,13.24,373613.0,221.71,-1.13,26.12,10.35,-2.13,0.37,0.19,123,122,1,2018-04-20 11:20:00,1,1,462.4,4
2018,110,11,25,5,45,0.4,3566,0.64,0.71,-0.22,14.2,9.39,-8.82,-1.58,-8.37,-3.21,190,0.09,0.47,2.38,5,463.6,-458.7,62.8,9.9,13.49,373159.0,221.7,-1.12,26.13,11.06,-2.26,-0.24,0.6,-16,-162,1,2018-04-20 11:25:00,1,1,458.7,4
2018,110,11,30,5,10,0.7,3309,0.78,0.6,-0.12,14.47,8.01,-11.11,-2.48,-10.44,-4.54,212,0.11,0.59,2.7,5,461.3,-457.4,55.5,18.5,13.56,346780.0,221.7,-1.12,26.13,11.07,-2.0,-0.49,0.25,189,83,1,2018-04-20 11:30:00,1,1,457.4,4
2018,153,1,15,5,100,9.9,1722,0.71,-0.3,-0.22,3.42,-1.06,2.06,-2.36,2.62,-1.72,58,0.09,0.43,0.85,3,717.6,-707.6,96.5,-69.5,1.07,259628.0,233.67,40.69,7.6,13.82,-2.41,1.31,0.0,20,20,1,2018-06-02 01:15:00,1,1,707.6,6
2018,153,1,20,5,100,9.9,1941,0.68,-0.05,-0.07,3.48,-1.12,2.2,-2.45,2.77,-1.77,69,0.08,0.8,0.81,3,718.9,-708.3,98.3,-73.1,1.02,243211.0,233.67,40.69,7.6,13.92,-2.53,1.46,0.0,12,12,1,2018-06-02 01:20:00,1,1,708.3,6
2018,169,11,15,5,70,0.3,3375,0.64,0.39,0.64,11.8,-1.34,9.55,-3.71,8.83,-5.18,118,0.08,0.12,2.83,5,498.5,-497.9,6.0,17.3,13.2,642100.0,242.41,37.03,-7.76,10.94,-0.75,-0.39,0.48,123,93,1,2018-06-18 11:15:00,1,1,497.9,6
2018,169,11,20,5,93,0.5,3282,0.67,0.28,0.6,11.83,-1.12,10.26,-2.48,9.74,-4.08,322,0.16,0.06,2.22,5,505.4,-505.0,-3.6,17.0,13.36,670680.0,242.42,37.02,-7.77,10.99,-0.6,-0.32,0.35,129,-41,1,2018-06-18 11:20:00,1,1,505.0,6
2018,169,11,25,5,91,0.0,3916,0.75,0.38,0.18,11.78,-4.06,8.22,-0.36,8.06,-1.66,608,0.23,0.13,3.45,5,486.8,-486.3,6.8,13.7,12.73,588645.0,242.42,37.02,-7.77,11.32,-0.95,-0.24,0.53,-119,-793,1,2018-06-18 11:25:00,1,1,486.3,6
